volume_id,name,link,datetimestamp
8,"Volume 17",http://www.jmlr.org/papers/v17,"2016-11-03 18:44:50"
9,"Volume 16",http://www.jmlr.org/papers/v16,"2016-11-03 18:48:49"
10,"Volume 15",http://www.jmlr.org/papers/v15,"2016-11-03 18:50:50"
19,"Volume 14",http://www.jmlr.org/papers/v14,"2016-11-03 19:19:20"
20,"Volume 13",http://www.jmlr.org/papers/v13,"2016-11-03 19:21:11"
21,"Volume 12",http://www.jmlr.org/papers/v12,"2016-11-03 19:23:05"
22,"Volume 11",http://www.jmlr.org/papers/v11,"2016-11-03 19:24:41"
23,"Volume 10",http://www.jmlr.org/papers/v10,"2016-11-03 19:26:31"
24,"Volume 9",http://www.jmlr.org/papers/v9,"2016-11-03 19:28:05"
25,"Volume 8",http://www.jmlr.org/papers/v8,"2016-11-03 19:29:32"
26,"Volume 7",http://www.jmlr.org/papers/v7,"2016-11-03 19:30:59"
27,"Volume 6",http://www.jmlr.org/papers/v6,"2016-11-03 19:32:39"
28,"Volume 5",http://www.jmlr.org/papers/v5,"2016-11-03 19:33:47"
30,"Volume 3",http://www.jmlr.org/papers/v3,"2016-11-03 20:00:32"
31,"Volume 2",http://www.jmlr.org/papers/v2,"2016-11-03 20:00:35"
32,"Volume 1",http://www.jmlr.org/papers/v1,"2016-11-03 20:00:37"
33,"Gesture Recognition",http://www.jmlr.org/papers/topic/gesture_recognition.html,"2016-11-03 20:00:39"
34,"Large Scale Learning",http://www.jmlr.org/papers/topic/large_scale_learning.html,"2016-11-03 20:00:46"
35,"Mining and Learning with Graphs and Relations",http://www.jmlr.org/papers/topic/graphs_relations.html,"2016-11-03 20:00:54"
36,"Grammar Induction, Representation of Language and ",http://www.jmlr.org/papers/topic/language.html,"2016-11-03 20:00:59"
37,Causality,http://www.jmlr.org/papers/topic/causality.html,"2016-11-03 20:01:06"
38,"Model Selection",http://www.jmlr.org/papers/topic/model_selection.html,"2016-11-03 20:01:30"
39,"Conference on Learning Theory 2005",http://www.jmlr.org/papers/topic/COLT2005.html,"2016-11-03 20:01:48"
40,"Machine Learning for Computer Security",http://www.jmlr.org/papers/topic/ml_sec.html,"2016-11-03 20:01:54"
41,"Machine Learning and Large Scale Optimization",http://www.jmlr.org/papers/topic/ml_opt.html,"2016-11-03 20:02:00"
42,"Approaches and Applications of Inductive Programmi",http://www.jmlr.org/papers/topic/inductive_programming.html,"2016-11-03 20:02:17"
43,"Learning Theory",http://www.jmlr.org/papers/topic/learning_theory.html,"2016-11-03 20:02:21"
44,"In Memory of Alexey Chervonenkis",http://www.jmlr.org/papers/special/chervonenkis15.html,"2016-11-03 20:02:28"
45,"Independent Components Analysis",http://www.jmlr.org/papers/special/ica03.html,"2016-11-03 20:02:32"
46,"Learning Theory",http://www.jmlr.org/papers/special/learning_theory03.html,"2016-11-03 20:02:44"
47,"Inductive Logic Programming",http://www.jmlr.org/papers/special/ilp03.html,"2016-11-03 20:02:51"
48,"Fusion of Domain Knowledge with Data for Decision ",http://www.jmlr.org/papers/special/kdfusion03.html,"2016-11-03 20:02:56"
49,"Variable and Feature Selection",http://www.jmlr.org/papers/special/feature03.html,"2016-11-03 20:03:01"
50,"Machine Learning Methods for Text and Images",http://www.jmlr.org/papers/special/text_images03.html,"2016-11-03 20:03:17"
51,"Eighteenth International Conference on Machine Lea",http://www.jmlr.org/papers/special/icml01.html,"2016-11-03 20:03:23"
52,"Computational Learning Theory",http://www.jmlr.org/papers/special/colt02.html,"2016-11-03 20:03:36"
53,"Shallow Parsing",http://www.jmlr.org/papers/special/shallow_parsing02.html,"2016-11-03 20:03:43"
54,"Kernel Methods",http://www.jmlr.org/papers/special/kernel01.html,"2016-11-03 20:03:51"
55,"Volume 4",http://www.jmlr.org/papers/v4,"2016-11-03 21:54:20"
